instruction,input,output
What is savings account,,"Savings account refers to a banking or financial service used by customers to manage money, make transactions, or access financial products securely."
How does savings account work,,Savings account works by allowing customers to access financial services through banks or regulated financial institutions following standard procedures.
Why is savings account important,,Savings account is important because it helps customers manage finances safely while ensuring compliance with banking regulations.
How can a customer apply for savings account,,"Customers can apply for Savings account by visiting a bank branch, using online banking services, or submitting required documents through official channels."
What are the benefits of savings account,,"The benefits of Savings account include convenience, financial management support, secure transactions, and better access to banking services."
What is current account,,"Current account refers to a banking or financial service used by customers to manage money, make transactions, or access financial products securely."
How does current account work,,Current account works by allowing customers to access financial services through banks or regulated financial institutions following standard procedures.
Why is current account important,,Current account is important because it helps customers manage finances safely while ensuring compliance with banking regulations.
How can a customer apply for current account,,"Customers can apply for Current account by visiting a bank branch, using online banking services, or submitting required documents through official channels."
What are the benefits of current account,,"The benefits of Current account include convenience, financial management support, secure transactions, and better access to banking services."
What is fixed deposit,,"Fixed deposit refers to a banking or financial service used by customers to manage money, make transactions, or access financial products securely."
How does fixed deposit work,,Fixed deposit works by allowing customers to access financial services through banks or regulated financial institutions following standard procedures.
Why is fixed deposit important,,Fixed deposit is important because it helps customers manage finances safely while ensuring compliance with banking regulations.
How can a customer apply for fixed deposit,,"Customers can apply for Fixed deposit by visiting a bank branch, using online banking services, or submitting required documents through official channels."
What are the benefits of fixed deposit,,"The benefits of Fixed deposit include convenience, financial management support, secure transactions, and better access to banking services."
What is recurring deposit,,"Recurring deposit refers to a banking or financial service used by customers to manage money, make transactions, or access financial products securely."
How does recurring deposit work,,Recurring deposit works by allowing customers to access financial services through banks or regulated financial institutions following standard procedures.
Why is recurring deposit important,,Recurring deposit is important because it helps customers manage finances safely while ensuring compliance with banking regulations.
How can a customer apply for recurring deposit,,"Customers can apply for Recurring deposit by visiting a bank branch, using online banking services, or submitting required documents through official channels."
What are the benefits of recurring deposit,,"The benefits of Recurring deposit include convenience, financial management support, secure transactions, and better access to banking services."
What is personal loan,,"Personal loan refers to a banking or financial service used by customers to manage money, make transactions, or access financial products securely."
How does personal loan work,,Personal loan works by allowing customers to access financial services through banks or regulated financial institutions following standard procedures.
Why is personal loan important,,Personal loan is important because it helps customers manage finances safely while ensuring compliance with banking regulations.
How can a customer apply for personal loan,,"Customers can apply for Personal loan by visiting a bank branch, using online banking services, or submitting required documents through official channels."
What are the benefits of personal loan,,"The benefits of Personal loan include convenience, financial management support, secure transactions, and better access to banking services."
What is home loan,,"Home loan refers to a banking or financial service used by customers to manage money, make transactions, or access financial products securely."
How does home loan work,,Home loan works by allowing customers to access financial services through banks or regulated financial institutions following standard procedures.
Why is home loan important,,Home loan is important because it helps customers manage finances safely while ensuring compliance with banking regulations.
How can a customer apply for home loan,,"Customers can apply for Home loan by visiting a bank branch, using online banking services, or submitting required documents through official channels."
What are the benefits of home loan,,"The benefits of Home loan include convenience, financial management support, secure transactions, and better access to banking services."
What is car loan,,"Car loan refers to a banking or financial service used by customers to manage money, make transactions, or access financial products securely."
How does car loan work,,Car loan works by allowing customers to access financial services through banks or regulated financial institutions following standard procedures.
Why is car loan important,,Car loan is important because it helps customers manage finances safely while ensuring compliance with banking regulations.
How can a customer apply for car loan,,"Customers can apply for Car loan by visiting a bank branch, using online banking services, or submitting required documents through official channels."
What are the benefits of car loan,,"The benefits of Car loan include convenience, financial management support, secure transactions, and better access to banking services."
What is education loan,,"Education loan refers to a banking or financial service used by customers to manage money, make transactions, or access financial products securely."
How does education loan work,,Education loan works by allowing customers to access financial services through banks or regulated financial institutions following standard procedures.
Why is education loan important,,Education loan is important because it helps customers manage finances safely while ensuring compliance with banking regulations.
How can a customer apply for education loan,,"Customers can apply for Education loan by visiting a bank branch, using online banking services, or submitting required documents through official channels."
What are the benefits of education loan,,"The benefits of Education loan include convenience, financial management support, secure transactions, and better access to banking services."
What is credit card,,"Credit card refers to a banking or financial service used by customers to manage money, make transactions, or access financial products securely."
How does credit card work,,Credit card works by allowing customers to access financial services through banks or regulated financial institutions following standard procedures.
Why is credit card important,,Credit card is important because it helps customers manage finances safely while ensuring compliance with banking regulations.
How can a customer apply for credit card,,"Customers can apply for Credit card by visiting a bank branch, using online banking services, or submitting required documents through official channels."
What are the benefits of credit card,,"The benefits of Credit card include convenience, financial management support, secure transactions, and better access to banking services."
What is debit card,,"Debit card refers to a banking or financial service used by customers to manage money, make transactions, or access financial products securely."
How does debit card work,,Debit card works by allowing customers to access financial services through banks or regulated financial institutions following standard procedures.
Why is debit card important,,Debit card is important because it helps customers manage finances safely while ensuring compliance with banking regulations.
How can a customer apply for debit card,,"Customers can apply for Debit card by visiting a bank branch, using online banking services, or submitting required documents through official channels."
What are the benefits of debit card,,"The benefits of Debit card include convenience, financial management support, secure transactions, and better access to banking services."
What is net banking,,"Net banking refers to a banking or financial service used by customers to manage money, make transactions, or access financial products securely."
How does net banking work,,Net banking works by allowing customers to access financial services through banks or regulated financial institutions following standard procedures.
Why is net banking important,,Net banking is important because it helps customers manage finances safely while ensuring compliance with banking regulations.
How can a customer apply for net banking,,"Customers can apply for Net banking by visiting a bank branch, using online banking services, or submitting required documents through official channels."
What are the benefits of net banking,,"The benefits of Net banking include convenience, financial management support, secure transactions, and better access to banking services."
What is mobile banking,,"Mobile banking refers to a banking or financial service used by customers to manage money, make transactions, or access financial products securely."
How does mobile banking work,,Mobile banking works by allowing customers to access financial services through banks or regulated financial institutions following standard procedures.
Why is mobile banking important,,Mobile banking is important because it helps customers manage finances safely while ensuring compliance with banking regulations.
How can a customer apply for mobile banking,,"Customers can apply for Mobile banking by visiting a bank branch, using online banking services, or submitting required documents through official channels."
What are the benefits of mobile banking,,"The benefits of Mobile banking include convenience, financial management support, secure transactions, and better access to banking services."
What is UPI payment,,"Upi payment refers to a banking or financial service used by customers to manage money, make transactions, or access financial products securely."
How does UPI payment work,,Upi payment works by allowing customers to access financial services through banks or regulated financial institutions following standard procedures.
Why is UPI payment important,,Upi payment is important because it helps customers manage finances safely while ensuring compliance with banking regulations.
How can a customer apply for UPI payment,,"Customers can apply for Upi payment by visiting a bank branch, using online banking services, or submitting required documents through official channels."
What are the benefits of UPI payment,,"The benefits of Upi payment include convenience, financial management support, secure transactions, and better access to banking services."
What is ATM withdrawal,,"Atm withdrawal refers to a banking or financial service used by customers to manage money, make transactions, or access financial products securely."
How does ATM withdrawal work,,Atm withdrawal works by allowing customers to access financial services through banks or regulated financial institutions following standard procedures.
Why is ATM withdrawal important,,Atm withdrawal is important because it helps customers manage finances safely while ensuring compliance with banking regulations.
How can a customer apply for ATM withdrawal,,"Customers can apply for Atm withdrawal by visiting a bank branch, using online banking services, or submitting required documents through official channels."
What are the benefits of ATM withdrawal,,"The benefits of Atm withdrawal include convenience, financial management support, secure transactions, and better access to banking services."
What is KYC verification,,"Kyc verification refers to a banking or financial service used by customers to manage money, make transactions, or access financial products securely."
How does KYC verification work,,Kyc verification works by allowing customers to access financial services through banks or regulated financial institutions following standard procedures.
Why is KYC verification important,,Kyc verification is important because it helps customers manage finances safely while ensuring compliance with banking regulations.
How can a customer apply for KYC verification,,"Customers can apply for Kyc verification by visiting a bank branch, using online banking services, or submitting required documents through official channels."
What are the benefits of KYC verification,,"The benefits of Kyc verification include convenience, financial management support, secure transactions, and better access to banking services."
What is credit score,,"Credit score refers to a banking or financial service used by customers to manage money, make transactions, or access financial products securely."
How does credit score work,,Credit score works by allowing customers to access financial services through banks or regulated financial institutions following standard procedures.
Why is credit score important,,Credit score is important because it helps customers manage finances safely while ensuring compliance with banking regulations.
How can a customer apply for credit score,,"Customers can apply for Credit score by visiting a bank branch, using online banking services, or submitting required documents through official channels."
What are the benefits of credit score,,"The benefits of Credit score include convenience, financial management support, secure transactions, and better access to banking services."
What is loan EMI,,"Loan emi refers to a banking or financial service used by customers to manage money, make transactions, or access financial products securely."
How does loan EMI work,,Loan emi works by allowing customers to access financial services through banks or regulated financial institutions following standard procedures.
Why is loan EMI important,,Loan emi is important because it helps customers manage finances safely while ensuring compliance with banking regulations.
How can a customer apply for loan EMI,,"Customers can apply for Loan emi by visiting a bank branch, using online banking services, or submitting required documents through official channels."
What are the benefits of loan EMI,,"The benefits of Loan emi include convenience, financial management support, secure transactions, and better access to banking services."
What is loan foreclosure,,"Loan foreclosure refers to a banking or financial service used by customers to manage money, make transactions, or access financial products securely."
How does loan foreclosure work,,Loan foreclosure works by allowing customers to access financial services through banks or regulated financial institutions following standard procedures.
Why is loan foreclosure important,,Loan foreclosure is important because it helps customers manage finances safely while ensuring compliance with banking regulations.
How can a customer apply for loan foreclosure,,"Customers can apply for Loan foreclosure by visiting a bank branch, using online banking services, or submitting required documents through official channels."
What are the benefits of loan foreclosure,,"The benefits of Loan foreclosure include convenience, financial management support, secure transactions, and better access to banking services."
What is loan prepayment,,"Loan prepayment refers to a banking or financial service used by customers to manage money, make transactions, or access financial products securely."
How does loan prepayment work,,Loan prepayment works by allowing customers to access financial services through banks or regulated financial institutions following standard procedures.
Why is loan prepayment important,,Loan prepayment is important because it helps customers manage finances safely while ensuring compliance with banking regulations.
How can a customer apply for loan prepayment,,"Customers can apply for Loan prepayment by visiting a bank branch, using online banking services, or submitting required documents through official channels."
What are the benefits of loan prepayment,,"The benefits of Loan prepayment include convenience, financial management support, secure transactions, and better access to banking services."
What is minimum balance rule,,"Minimum balance rule refers to a banking or financial service used by customers to manage money, make transactions, or access financial products securely."
How does minimum balance rule work,,Minimum balance rule works by allowing customers to access financial services through banks or regulated financial institutions following standard procedures.
Why is minimum balance rule important,,Minimum balance rule is important because it helps customers manage finances safely while ensuring compliance with banking regulations.
How can a customer apply for minimum balance rule,,"Customers can apply for Minimum balance rule by visiting a bank branch, using online banking services, or submitting required documents through official channels."
What are the benefits of minimum balance rule,,"The benefits of Minimum balance rule include convenience, financial management support, secure transactions, and better access to banking services."
What is overdraft facility,,"Overdraft facility refers to a banking or financial service used by customers to manage money, make transactions, or access financial products securely."
How does overdraft facility work,,Overdraft facility works by allowing customers to access financial services through banks or regulated financial institutions following standard procedures.
Why is overdraft facility important,,Overdraft facility is important because it helps customers manage finances safely while ensuring compliance with banking regulations.
How can a customer apply for overdraft facility,,"Customers can apply for Overdraft facility by visiting a bank branch, using online banking services, or submitting required documents through official channels."
What are the benefits of overdraft facility,,"The benefits of Overdraft facility include convenience, financial management support, secure transactions, and better access to banking services."
What is bank statement,,"Bank statement refers to a banking or financial service used by customers to manage money, make transactions, or access financial products securely."
How does bank statement work,,Bank statement works by allowing customers to access financial services through banks or regulated financial institutions following standard procedures.
Why is bank statement important,,Bank statement is important because it helps customers manage finances safely while ensuring compliance with banking regulations.
How can a customer apply for bank statement,,"Customers can apply for Bank statement by visiting a bank branch, using online banking services, or submitting required documents through official channels."
What are the benefits of bank statement,,"The benefits of Bank statement include convenience, financial management support, secure transactions, and better access to banking services."
What is fund transfer,,"Fund transfer refers to a banking or financial service used by customers to manage money, make transactions, or access financial products securely."
How does fund transfer work,,Fund transfer works by allowing customers to access financial services through banks or regulated financial institutions following standard procedures.
Why is fund transfer important,,Fund transfer is important because it helps customers manage finances safely while ensuring compliance with banking regulations.
How can a customer apply for fund transfer,,"Customers can apply for Fund transfer by visiting a bank branch, using online banking services, or submitting required documents through official channels."
What are the benefits of fund transfer,,"The benefits of Fund transfer include convenience, financial management support, secure transactions, and better access to banking services."
What is NEFT transfer,,"Neft transfer refers to a banking or financial service used by customers to manage money, make transactions, or access financial products securely."
How does NEFT transfer work,,Neft transfer works by allowing customers to access financial services through banks or regulated financial institutions following standard procedures.
Why is NEFT transfer important,,Neft transfer is important because it helps customers manage finances safely while ensuring compliance with banking regulations.
How can a customer apply for NEFT transfer,,"Customers can apply for Neft transfer by visiting a bank branch, using online banking services, or submitting required documents through official channels."
What are the benefits of NEFT transfer,,"The benefits of Neft transfer include convenience, financial management support, secure transactions, and better access to banking services."
What is RTGS transfer,,"Rtgs transfer refers to a banking or financial service used by customers to manage money, make transactions, or access financial products securely."
How does RTGS transfer work,,Rtgs transfer works by allowing customers to access financial services through banks or regulated financial institutions following standard procedures.
Why is RTGS transfer important,,Rtgs transfer is important because it helps customers manage finances safely while ensuring compliance with banking regulations.
How can a customer apply for RTGS transfer,,"Customers can apply for Rtgs transfer by visiting a bank branch, using online banking services, or submitting required documents through official channels."
What are the benefits of RTGS transfer,,"The benefits of Rtgs transfer include convenience, financial management support, secure transactions, and better access to banking services."
What is IMPS transfer,,"Imps transfer refers to a banking or financial service used by customers to manage money, make transactions, or access financial products securely."
How does IMPS transfer work,,Imps transfer works by allowing customers to access financial services through banks or regulated financial institutions following standard procedures.
Why is IMPS transfer important,,Imps transfer is important because it helps customers manage finances safely while ensuring compliance with banking regulations.
How can a customer apply for IMPS transfer,,"Customers can apply for Imps transfer by visiting a bank branch, using online banking services, or submitting required documents through official channels."
What are the benefits of IMPS transfer,,"The benefits of Imps transfer include convenience, financial management support, secure transactions, and better access to banking services."
What is insurance policy,,"Insurance policy refers to a banking or financial service used by customers to manage money, make transactions, or access financial products securely."
How does insurance policy work,,Insurance policy works by allowing customers to access financial services through banks or regulated financial institutions following standard procedures.
Why is insurance policy important,,Insurance policy is important because it helps customers manage finances safely while ensuring compliance with banking regulations.
How can a customer apply for insurance policy,,"Customers can apply for Insurance policy by visiting a bank branch, using online banking services, or submitting required documents through official channels."
What are the benefits of insurance policy,,"The benefits of Insurance policy include convenience, financial management support, secure transactions, and better access to banking services."
What is insurance premium,,"Insurance premium refers to a banking or financial service used by customers to manage money, make transactions, or access financial products securely."
How does insurance premium work,,Insurance premium works by allowing customers to access financial services through banks or regulated financial institutions following standard procedures.
Why is insurance premium important,,Insurance premium is important because it helps customers manage finances safely while ensuring compliance with banking regulations.
How can a customer apply for insurance premium,,"Customers can apply for Insurance premium by visiting a bank branch, using online banking services, or submitting required documents through official channels."
What are the benefits of insurance premium,,"The benefits of Insurance premium include convenience, financial management support, secure transactions, and better access to banking services."
What is insurance claim,,"Insurance claim refers to a banking or financial service used by customers to manage money, make transactions, or access financial products securely."
How does insurance claim work,,Insurance claim works by allowing customers to access financial services through banks or regulated financial institutions following standard procedures.
Why is insurance claim important,,Insurance claim is important because it helps customers manage finances safely while ensuring compliance with banking regulations.
How can a customer apply for insurance claim,,"Customers can apply for Insurance claim by visiting a bank branch, using online banking services, or submitting required documents through official channels."
What are the benefits of insurance claim,,"The benefits of Insurance claim include convenience, financial management support, secure transactions, and better access to banking services."
What is policy renewal,,"Policy renewal refers to a banking or financial service used by customers to manage money, make transactions, or access financial products securely."
How does policy renewal work,,Policy renewal works by allowing customers to access financial services through banks or regulated financial institutions following standard procedures.
Why is policy renewal important,,Policy renewal is important because it helps customers manage finances safely while ensuring compliance with banking regulations.
How can a customer apply for policy renewal,,"Customers can apply for Policy renewal by visiting a bank branch, using online banking services, or submitting required documents through official channels."
What are the benefits of policy renewal,,"The benefits of Policy renewal include convenience, financial management support, secure transactions, and better access to banking services."
